epoch,acc,f2_beta_keras,loss,val_acc,val_f2_beta_keras,val_loss
0,0.877726376057,0.541645348072,0.670576691628,0.935294151306,0.64189183712,0.374378979206
